City_ID,City,Lat,Lng,Max Temp,Humidity,Cloudiness,Wind Speed,Country,Date
0,guerrero negro,27.9769,-114.0611,22.0,20,1,1.17,MX,1675813572
1,mayo,38.8876,-76.5119,9.26,78,0,4.63,US,1675813221
2,butaritari,3.0707,172.7902,27.27,80,100,9.84,KI,1675813323
3,veraval,20.9,70.3667,20.9,63,1,3.5,IN,1675813272
4,graaff-reinet,-32.2522,24.5308,17.18,90,100,3.38,ZA,1675813573
5,tasiilaq,65.6145,-37.6368,-16.91,35,2,17.27,GL,1675813076
6,port alfred,-33.5906,26.891,21.21,91,100,1.79,ZA,1675813574
7,atuona,-9.8,-139.0333,25.86,78,13,6.68,PF,1675813505
8,onega,63.9061,38.1404,0.04,96,100,5.49,RU,1675813259
9,launceston,-41.45,147.1667,17.97,67,100,5.14,AU,1675813550
10,punta arenas,-53.15,-70.9167,16.06,63,40,4.63,CL,1675813578
11,bluff,-46.6,168.3333,11.56,66,73,11.35,NZ,1675813492
12,aktau,43.65,51.2,3.32,76,100,4.81,KZ,1675813581
13,tuatapere,-46.1333,167.6833,12.9,61,64,6.81,NZ,1675813073
14,cape town,-33.9258,18.4232,21.32,73,0,9.77,ZA,1675813581
15,najran,17.4924,44.1277,16.36,64,11,3.07,SA,1675813015
16,bengkulu,-3.8004,102.2655,23.79,80,92,2.35,ID,1675813317
17,yudong,29.385,106.5194,12.5,78,100,0.74,CN,1675813583
18,nome,64.5011,-165.4064,-18.8,77,0,1.54,US,1675813347
19,faanui,-16.4833,-151.75,27.18,74,31,5.57,PF,1675813116
20,airai,-8.9266,125.4092,19.32,83,93,1.11,TL,1675813584
21,puerto ayora,-0.7393,-90.3518,26.97,89,31,3.13,EC,1675813402
22,thompson,55.7435,-97.8558,-16.91,85,100,2.06,CA,1675813155
23,codrington,-38.2667,141.9667,18.41,61,50,6.28,AU,1675813586
24,east london,-33.0153,27.9116,21.69,86,100,5.63,ZA,1675813587
25,akureyri,65.6835,-18.0878,-4.04,74,75,2.57,IS,1675813588
26,ponta do sol,32.6667,-17.1,15.95,67,17,2.62,PT,1675813590
27,rikitea,-23.1203,-134.9692,26.44,70,84,5.01,PF,1675813592
28,aleksandrov gay,50.147,48.5704,-12.54,90,6,6.12,RU,1675813592
29,kintampo,8.0563,-1.7306,28.78,49,91,2.83,GH,1675813593
30,severo-kurilsk,50.6789,156.125,-4.51,58,46,4.12,RU,1675813593
31,jamestown,42.097,-79.2353,9.77,73,40,4.63,US,1675813597
32,leshukonskoye,64.8989,45.7622,-0.89,95,100,4.95,RU,1675813601
33,suriapet,17.15,79.6167,19.4,83,95,2.09,IN,1675813601
34,boyolangu,-8.1181,111.8935,24.05,91,100,2.46,ID,1675813602
35,touros,-5.1989,-35.4608,26.53,67,75,6.9,BR,1675813368
36,kodinsk,58.6881,99.1844,-14.57,98,100,1.31,RU,1675813606
37,busselton,-33.65,115.3333,20.08,68,26,4.5,AU,1675813607
38,kapaa,22.0752,-159.319,27.18,84,100,5.66,US,1675813607
39,hermanus,-34.4187,19.2345,20.45,81,42,5.38,ZA,1675813607
40,goderich,43.7501,-81.7165,2.18,93,100,5.66,CA,1675813190
41,upernavik,72.7868,-56.1549,-29.67,98,73,1.32,GL,1675813608
42,cayenne,4.9333,-52.3333,24.02,100,40,2.06,GF,1675813590
43,ushuaia,-54.8,-68.3,12.81,44,0,1.54,AR,1675813521
44,gebre guracha,9.8,38.4,11.87,28,2,1.74,ET,1675813608
45,atar,20.5169,-13.0499,16.35,25,94,5.4,MR,1675813115
46,egvekinot,66.3167,-179.1667,-29.8,88,97,3.67,RU,1675813609
47,longyan,25.1072,117.0225,16.03,98,100,1.32,CN,1675813609
48,tambura,5.6,27.4667,22.88,18,6,2.44,SS,1675813610
49,dingle,10.9995,122.6711,25.11,85,98,4.36,PH,1675813610
50,margate,51.3813,1.3862,3.72,80,14,0.45,GB,1675813610
51,sisophon,13.5859,102.9737,24.98,78,25,1.86,KH,1675813611
52,akdepe,42.0551,59.3788,6.05,61,100,6.93,TM,1675813349
53,albany,42.6001,-73.9662,2.36,70,100,0.45,US,1675813611
54,ulaangom,49.9811,92.0667,-26.62,93,100,1.25,MN,1675813612
55,arraial do cabo,-22.9661,-42.0278,23.98,90,90,1.2,BR,1675813612
56,parker,32.7668,-97.8003,8.66,91,100,4.02,US,1675813613
57,sorong,-0.8833,131.25,26.06,85,100,3.62,ID,1675813191
58,markova,48.6758,24.4138,-5.78,98,100,1.8,UA,1675813613
59,lavrentiya,65.5833,-171.0,-24.19,85,100,1.2,RU,1675813316
60,hilo,19.7297,-155.09,25.16,94,75,4.02,US,1675813614
61,port augusta,-32.5,137.7667,31.71,18,0,2.96,AU,1675813614
62,mataura,-46.1927,168.8643,11.38,71,68,4.82,NZ,1675813615
63,necochea,-38.5473,-58.7368,22.69,78,38,7.71,AR,1675813615
64,puerto escondido,15.85,-97.0667,28.46,74,75,0.0,MX,1675813575
65,saldanha,-33.0117,17.9442,17.03,89,24,7.26,ZA,1675813616
66,chokurdakh,70.6333,147.9167,-39.19,100,99,1.74,RU,1675813084
67,derzhavinsk,51.1,66.3167,-21.43,100,90,2.57,KZ,1675813616
68,klaksvik,62.2266,-6.589,8.51,83,100,25.02,FO,1675813617
69,nikolskoye,59.7035,30.7861,-1.16,87,99,4.51,RU,1675813359
70,new norfolk,-42.7826,147.0587,16.62,42,8,0.69,AU,1675813617
71,salinopolis,-0.6136,-47.3561,25.62,85,82,4.61,BR,1675813618
72,ilulissat,69.2167,-51.1,-22.99,70,100,4.12,GL,1675813618
73,tiksi,71.6872,128.8694,-33.8,100,100,2.1,RU,1675813618
74,makakilo city,21.3469,-158.0858,28.18,68,100,5.66,US,1675813619
75,sarkand,45.41,79.9186,-7.19,65,11,3.98,KZ,1675813619
76,hiji,33.3667,131.5333,7.94,81,14,3.19,JP,1675813619
77,ostrovnoy,68.0531,39.5131,-0.46,78,55,10.89,RU,1675813141
78,norman wells,65.282,-126.8329,-21.98,71,75,1.03,CA,1675813035
79,hasaki,35.7333,140.8333,8.22,72,100,10.31,JP,1675813475
80,grindavik,63.8424,-22.4338,-3.03,80,75,13.89,IS,1675813180
81,pangnirtung,66.1451,-65.7125,-35.0,68,0,2.57,CA,1675813620
82,porto santo,33.072,-16.3415,15.21,67,75,5.66,PT,1675813621
83,durban,-29.8579,31.0292,24.51,96,57,2.68,ZA,1675813376
84,byron bay,-28.65,153.6167,24.84,61,98,3.58,AU,1675812906
85,mago,53.2514,140.1822,-23.31,91,100,1.49,RU,1675813621
86,fortuna,40.5982,-124.1573,15.52,66,0,2.68,US,1675813197
87,bethel,41.3712,-73.414,2.64,71,75,2.06,US,1675813622
88,provideniya,64.3833,-173.3,-17.94,71,100,4.0,RU,1675813411
89,qandala,11.472,49.8728,23.46,84,76,1.06,SO,1675813623
90,vaini,-21.2,-175.2,26.09,100,75,4.63,TO,1675813624
91,avarua,-21.2078,-159.775,30.03,74,67,5.66,CK,1675813625
92,rochester,43.1548,-77.6156,9.79,75,100,5.66,US,1675813608
93,hobart,-42.8794,147.3294,16.81,62,75,7.2,AU,1675813494
94,lorengau,-2.0226,147.2712,25.33,94,100,4.85,PG,1675813626
95,walvis bay,-22.9575,14.5053,18.94,88,32,2.57,NA,1675813626
96,pevek,69.7008,170.3133,-29.94,94,100,1.62,RU,1675813628
97,erenhot,43.6475,111.9767,-11.0,72,24,1.71,CN,1675813289
98,hithadhoo,-0.6,73.0833,27.22,71,59,4.04,MV,1675813629
99,sisimiut,66.9395,-53.6735,-25.14,98,92,1.17,GL,1675813131
100,wanaka,-44.7,169.15,15.31,46,74,1.39,NZ,1675813453
101,samarai,-10.6167,150.6667,28.07,75,100,4.63,PG,1675813155
102,vila do maio,15.1333,-23.2167,20.44,66,5,8.71,CV,1675813631
103,mahebourg,-20.4081,57.7,26.16,83,75,7.2,MU,1675813346
104,birjand,32.8663,59.2211,8.26,71,75,4.12,IR,1675813371
105,gravdal,68.1214,13.5031,4.94,81,40,8.23,NO,1675813339
106,sinnamary,5.3833,-52.95,24.45,89,30,5.4,GF,1675813632
107,kodiak,57.79,-152.4072,-1.27,51,0,6.69,US,1675813632
108,tonantins,-2.8731,-67.8022,23.43,97,61,0.8,BR,1675813633
109,mount isa,-20.7333,139.5,28.87,70,40,3.6,AU,1675813115
110,richards bay,-28.783,32.0377,22.84,96,45,1.81,ZA,1675813317
111,purwa,26.4667,80.7833,14.01,68,0,3.54,IN,1675813634
112,komsomolskiy,40.4272,71.7189,0.4,86,9,3.09,UZ,1675813042
113,kraskino,42.7114,130.7794,-6.87,65,11,5.02,RU,1675813637
114,hayrabolu,41.2131,27.1069,-3.25,73,4,5.07,TR,1675813640
115,sydney,-33.8679,151.2073,27.95,66,75,2.57,AU,1675813104
116,te anau,-45.4167,167.7167,13.8,44,55,5.0,NZ,1675813641
117,port elizabeth,-33.918,25.5701,20.73,90,0,3.6,ZA,1675813641
118,portland,45.5234,-122.6762,10.55,93,100,3.13,US,1675813437
119,pacific grove,36.6177,-121.9166,16.25,77,0,4.47,US,1675813321
120,cidreira,-30.1811,-50.2056,24.51,77,23,6.13,BR,1675813642
121,castro,-24.7911,-50.0119,17.53,93,13,2.17,BR,1675813643
122,saint george,37.1041,-113.5841,12.75,31,0,1.54,US,1675813644
123,misratah,32.3754,15.0925,13.09,62,92,7.12,LY,1675813645
124,zhigalovo,54.8097,105.1578,-19.71,100,100,0.88,RU,1675813645
125,merauke,-8.4667,140.3333,27.5,80,88,6.6,ID,1675813646
126,monze,-16.2833,27.4833,16.9,97,82,1.48,ZM,1675813646
127,la grande,45.3246,-118.0877,5.69,75,100,3.54,US,1675813636
128,saskylakh,71.9167,114.0833,-34.15,99,99,0.71,RU,1675813647
129,khislavichi,54.1871,32.1582,-15.16,98,57,1.14,RU,1675813647
130,acarau,-2.8856,-40.12,25.68,83,100,4.83,BR,1675813650
131,winnemucca,40.973,-117.7357,6.09,49,92,1.95,US,1675813157
132,khatanga,71.9667,102.5,-44.0,100,77,1.03,RU,1675813654
133,kavieng,-2.5744,150.7967,27.43,79,100,4.54,PG,1675813655
134,ogaminana,7.5946,6.2248,26.28,49,90,2.74,NG,1675813661
135,ngunguru,-35.6167,174.5,22.38,55,56,2.83,NZ,1675813393
136,lahaina,20.8783,-156.6825,26.64,86,5,4.65,US,1675813662
137,clyde river,70.4692,-68.5914,-35.87,68,20,0.0,CA,1675813192
138,warrington,53.3925,-2.5802,6.1,89,100,1.54,GB,1675813555
139,camocim,-2.9022,-40.8411,24.74,90,99,3.96,BR,1675813663
140,taonan,45.3333,122.7833,-13.33,78,3,3.04,CN,1675813665
141,kruisfontein,-34.0033,24.7314,19.38,80,100,2.19,ZA,1675813665
142,huarmey,-10.0681,-78.1522,23.22,78,13,3.43,PE,1675813665
143,los llanos de aridane,28.6585,-17.9182,12.86,67,0,2.06,ES,1675813666
144,georgetown,5.4112,100.3354,24.96,94,20,2.57,MY,1675813651
145,louis trichardt,-23.0439,29.9032,17.94,93,23,2.14,ZA,1675813666
146,krasnoselkup,65.7,82.4667,-28.03,100,97,3.48,RU,1675813667
147,palana,59.1167,159.9667,-25.46,98,100,4.74,RU,1675813667
148,verkhoyansk,67.5447,133.385,-49.95,100,77,0.4,RU,1675813667
149,tuktoyaktuk,69.4541,-133.0374,-32.0,75,100,1.03,CA,1675813668
150,puerto colombia,10.9878,-74.9547,26.05,83,13,14.19,CO,1675813668
151,havre-saint-pierre,50.2334,-63.5986,-8.0,72,0,3.6,CA,1675813015
152,lebu,-37.6167,-73.65,15.42,88,0,7.7,CL,1675813669
153,pitimbu,-7.4706,-34.8086,25.33,70,99,4.46,BR,1675813315
154,sungurlu,40.1675,34.3739,-8.33,84,100,1.26,TR,1675813669
155,carnarvon,-24.8667,113.6333,26.13,62,0,8.33,AU,1675813669
156,palmer,42.1584,-72.3287,2.34,49,100,6.69,US,1675813130
157,eutin,54.1333,10.6167,-1.05,93,61,2.78,DE,1675813670
158,paraiso,9.8383,-83.8656,22.48,95,84,2.27,CR,1675813670
159,praia da vitoria,38.7333,-27.0667,13.14,76,75,5.76,PT,1675813315
160,bitung,1.4451,125.1824,23.47,88,100,2.31,ID,1675813671
161,yellowknife,62.456,-114.3525,-18.58,78,75,3.09,CA,1675813556
162,north bend,43.4065,-124.2243,11.25,87,100,7.2,US,1675813671
163,jha jha,24.7667,86.3667,14.95,60,0,0.7,IN,1675813672
164,moranbah,-22.0016,148.0466,25.9,64,53,8.09,AU,1675813672
165,geraldton,-28.7667,114.6,20.23,88,40,4.12,AU,1675812853
166,matamoros,25.5333,-103.25,27.06,16,75,2.57,MX,1675813570
167,narsaq,60.9167,-46.05,-19.88,66,0,3.24,GL,1675813232
168,suffolk,40.8668,-72.7996,4.92,78,100,1.54,US,1675813673
169,galt,38.2546,-121.3,15.25,60,100,0.14,US,1675813673
170,mogadishu,2.0371,45.3438,24.64,85,34,7.75,SO,1675813651
171,sitka,57.0531,-135.33,3.94,75,0,3.6,US,1675813674
172,padang,-0.9492,100.3543,21.03,68,99,1.57,ID,1675813674
173,vrangel,42.7297,133.0839,-5.8,56,40,2.8,RU,1675813674
174,hofn,64.2539,-15.2082,0.13,59,100,11.73,IS,1675813675
175,menongue,-14.6585,17.691,16.37,92,100,0.86,AO,1675813372
176,barrow,71.2906,-156.7887,-17.99,78,100,4.12,US,1675813676
177,luderitz,-26.6481,15.1594,18.98,81,14,8.46,NA,1675813676
178,vao,-22.6667,167.4833,26.59,70,33,5.53,NC,1675813676
179,henties bay,-22.116,14.2845,18.55,87,51,2.66,NA,1675813348
180,sao joao da barra,-21.6403,-41.0511,25.05,95,100,3.98,BR,1675813137
181,lockhart,28.6194,-81.4426,22.17,67,0,5.66,US,1675813677
182,pafos,34.7667,32.4167,5.88,81,40,2.57,CY,1675813642
183,iqaluit,63.7506,-68.5145,-33.15,75,75,1.03,CA,1675813677
184,san quintin,30.4833,-115.95,16.85,46,0,4.49,MX,1675813163
185,limbang,4.75,115.0,24.06,92,99,0.9,MY,1675813678
186,ballina,-28.8667,153.5667,24.88,82,100,3.19,AU,1675813083
187,cabo san lucas,22.8909,-109.9124,25.61,59,40,5.14,MX,1675813136
188,santana,-0.0583,-51.1817,25.1,100,40,2.57,BR,1675813678
189,buraydah,26.326,43.975,10.25,41,100,2.92,SA,1675813679
190,iraquara,-12.2486,-41.6194,24.84,58,26,0.63,BR,1675813679
191,christchurch,-43.5333,172.6333,23.56,60,20,6.69,NZ,1675813677
192,millinocket,45.6573,-68.7098,-6.94,63,0,0.0,US,1675813680
193,seoul,37.5683,126.9778,-1.31,97,0,1.54,KR,1675813039
194,matara,5.9485,80.5353,23.26,92,69,2.12,LK,1675813680
195,raudeberg,61.9875,5.1352,6.37,75,51,13.91,NO,1675813120
196,bowen,-20.0167,148.2333,27.42,78,94,7.55,AU,1675813177
197,bredasdorp,-34.5322,20.0403,19.29,75,91,3.98,ZA,1675813681
198,sambava,-14.2667,50.1667,23.68,89,88,3.26,MG,1675813681
199,gat,31.61,34.7642,11.38,100,85,9.36,IL,1675813563
200,ribeira grande,38.5167,-28.7,12.65,67,57,3.58,PT,1675813682
201,coquimbo,-29.9533,-71.3436,17.85,88,100,3.6,CL,1675813683
202,chapais,49.7834,-74.8492,-6.12,95,100,4.93,CA,1675813250
203,kvitok,56.0724,98.4813,-10.56,97,100,1.43,RU,1675813684
204,moa,20.6569,-74.9403,23.95,83,7,7.66,CU,1675813685
205,york,40.1254,-77.0,5.81,66,0,3.6,US,1675813686
206,ephrata,40.1798,-76.1788,4.86,73,0,2.57,US,1675813686
207,hami,42.8,93.45,0.3,57,100,0.5,CN,1675813687
208,brasy,49.837,13.5783,-2.33,97,1,1.04,CZ,1675813687
209,aripuana,-9.1667,-60.6333,21.89,99,89,0.42,BR,1675813252
210,lasa,46.6166,10.7002,-3.88,76,8,0.35,IT,1675813137
211,qaanaaq,77.484,-69.3632,-31.31,65,77,2.55,GL,1675813688
212,avera,33.194,-82.5271,14.95,55,93,1.58,US,1675813688
213,tigil,57.8,158.6667,-21.63,94,100,3.69,RU,1675813691
214,dunedin,-45.8742,170.5036,15.36,52,56,7.33,NZ,1675813502
215,muyezerskiy,63.9333,31.65,-1.81,96,100,3.69,RU,1675813693
216,mar del plata,-38.0023,-57.5575,23.94,86,75,7.2,AR,1675813695
217,saint-augustin,51.226,-58.6502,-20.0,87,8,1.75,CA,1675813557
218,longyearbyen,78.2186,15.6401,-7.09,93,100,10.29,SJ,1675813697
219,tsalka,41.5946,44.0891,-8.66,84,100,4.03,GE,1675813697
220,qaqortoq,60.7167,-46.0333,-24.95,65,0,2.98,GL,1675813698
221,noumea,-22.2763,166.4572,31.11,99,88,3.53,NC,1675813699
222,alekseyevsk,57.8406,108.3492,-25.86,100,100,1.24,RU,1675813697
223,alofi,-19.0595,-169.9187,25.94,94,100,3.6,NU,1675813700
224,pemangkat,1.1667,108.9667,24.88,88,98,1.82,ID,1675813700
225,banda aceh,5.5577,95.3222,25.19,83,99,3.55,ID,1675813246
226,esperance,-33.8667,121.9,20.86,65,100,4.71,AU,1675813701
227,yar-sale,66.8333,70.8333,-18.04,89,99,7.39,RU,1675813701
228,rurrenabaque,-14.4413,-67.5278,23.27,98,89,0.15,BO,1675813704
229,vardo,70.3705,31.1107,-0.01,86,40,10.29,NO,1675813704
230,taitung,22.7583,121.1444,21.15,88,75,2.06,TW,1675813705
231,ahipara,-35.1667,173.1667,22.2,55,84,3.25,NZ,1675813705
232,kuusamo,65.9667,29.1833,-1.98,93,0,3.09,FI,1675813706
233,oriximina,-1.7656,-55.8661,24.46,92,99,0.96,BR,1675813706
234,visnes,59.3556,5.2242,7.03,93,100,5.14,NO,1675813706
235,nanortalik,60.1432,-45.2371,-15.74,71,32,8.94,GL,1675813710
236,dikson,73.5069,80.5464,-23.8,91,100,9.68,RU,1675813714
237,atambua,-9.1061,124.8925,25.87,78,64,0.98,ID,1675813717
238,kaitangata,-46.2817,169.8464,14.63,51,67,6.92,NZ,1675813717
239,baglung,28.2719,83.5898,7.63,53,30,2.8,NP,1675813717
240,preeceville,51.95,-102.6677,-0.58,88,24,4.23,CA,1675813170
241,sarakhs,36.5449,61.1577,14.07,56,65,6.95,IR,1675813721
242,cherskiy,68.75,161.3,-35.21,98,100,2.37,RU,1675813723
243,lerwick,60.1545,-1.1494,7.0,74,15,13.82,GB,1675813283
244,phalombe,-15.8064,35.6507,19.08,96,98,0.82,MW,1675813724
245,broome,42.2506,-75.833,4.83,72,100,4.63,US,1675813214
246,mareeba,-17.0,145.4333,29.71,78,87,1.76,AU,1675813725
247,rundu,-17.9333,19.7667,18.14,94,100,2.3,NA,1675813725
248,yamada,39.4667,141.95,1.72,83,99,3.88,JP,1675813726
249,flinders,-34.5833,150.8552,21.32,93,100,1.74,AU,1675813270
250,labuhan,-6.8844,112.2051,24.63,90,100,3.97,ID,1675813193
251,la palma,33.8464,-118.0467,23.26,27,0,5.14,US,1675813727
252,ishigaki,24.3448,124.1572,20.07,83,40,5.14,JP,1675813727
253,ancud,-41.8697,-73.8203,15.45,91,5,2.46,CL,1675813727
254,zafra,38.4167,-6.4167,5.92,92,95,3.59,ES,1675813728
255,rabaul,-4.1967,152.1721,27.78,76,100,4.12,PG,1675813728
256,birao,10.2849,22.7882,23.4,15,74,5.48,CF,1675813728
257,yerofey pavlovich,53.9667,121.9667,-25.42,96,100,0.76,RU,1675813729
258,katsuura,35.1333,140.3,10.56,75,98,7.7,JP,1675813729
259,manta,-0.95,-80.7333,28.88,74,75,4.12,EC,1675813730
260,nepa nagar,21.4667,76.4,17.23,35,0,2.32,IN,1675813730
261,bell ville,-32.6259,-62.6887,28.15,24,0,2.8,AR,1675813730
262,sorland,67.667,12.6934,5.92,76,100,19.86,NO,1675813731
263,aykhal,66.0,111.5,-39.07,100,99,1.46,RU,1675813272
264,ossora,59.2353,163.0719,-24.76,84,98,2.73,RU,1675813731
265,stornoway,58.2093,-6.3865,7.18,78,100,14.92,GB,1675813731
266,balabac,7.9868,117.0645,26.25,84,100,5.45,PH,1675813732
267,hamilton,39.1834,-84.5333,12.77,83,100,3.6,US,1675813193
268,dohar,23.5883,90.1469,19.99,88,0,0.93,BD,1675813732
269,panna,24.7167,80.2,12.36,55,0,2.13,IN,1675813733
270,xining,36.6167,101.7667,-3.13,94,100,0.35,CN,1675813733
271,taian,36.1853,117.12,3.51,64,100,2.19,CN,1675813733
272,preobrazheniye,42.9019,133.9064,-5.25,56,78,2.12,RU,1675813734
273,manono,-7.3,27.4167,19.72,97,99,0.93,CD,1675813734
274,puerto narino,-3.7703,-70.3831,23.04,97,73,0.37,CO,1675813734
275,belmonte,-15.8631,-38.8828,25.91,78,5,4.37,BR,1675813255
276,limulunga,-15.0969,23.1376,18.39,97,100,2.24,ZM,1675813735
277,biak,-0.9131,122.8766,26.02,76,98,1.75,ID,1675813735
278,mpongwe,-13.5091,28.155,17.52,99,100,1.79,ZM,1675813736
279,sioux lookout,50.1001,-91.917,-6.96,73,75,2.06,CA,1675813736
280,serravalle,43.969,12.4817,1.61,74,40,4.47,SM,1675813647
281,muroto,33.2833,134.15,11.78,68,36,2.76,JP,1675813737
282,arona,28.0996,-16.681,13.23,67,40,1.03,ES,1675813737
283,lata,40.1629,-8.3327,6.07,77,12,1.7,PT,1675813737
284,baykit,61.67,96.37,-15.49,98,100,0.72,RU,1675813738
285,zavodouspenskoye,56.8626,65.0155,-19.88,100,100,1.19,RU,1675813738
286,pozoblanco,38.3791,-4.8483,4.83,92,100,2.19,ES,1675813739
287,goure,13.9835,10.2704,19.53,19,100,4.28,NE,1675813167
288,olga,43.7444,135.2892,-8.21,66,96,2.19,RU,1675813739
289,warren,39.4334,-84.1666,12.31,83,75,6.69,US,1675813663
290,nemuro,43.3236,145.575,-3.81,69,56,2.64,JP,1675813740
291,wanning,18.8003,110.3967,22.6,92,20,2.35,CN,1675813453
292,riberalta,-10.9833,-66.1,27.11,78,75,4.12,BO,1675813740
293,umm lajj,25.0213,37.2685,16.05,57,96,4.85,SA,1675813486
294,ayagoz,47.9714,80.4392,-6.88,95,100,1.27,KZ,1675813741
295,muros,42.7762,-9.0603,6.19,70,16,9.44,ES,1675813741
296,arlit,18.7369,7.3853,22.68,15,100,1.91,NE,1675813741
297,tromso,69.6496,18.957,3.01,60,100,8.75,NO,1675813742
298,chuy,-33.6971,-53.4616,23.06,74,25,5.58,UY,1675813743
299,jinzhou,41.1078,121.1417,-4.38,53,0,1.6,CN,1675813743
300,sao jose da coroa grande,-8.8978,-35.1478,25.37,69,88,3.63,BR,1675813744
301,soligalich,59.0778,42.2864,-9.49,94,99,3.86,RU,1675813744
302,badarpur,24.9,92.6,14.0,61,1,1.49,IN,1675813745
303,jawhar,2.7809,45.5005,22.83,86,15,4.73,SO,1675813745
304,benavente,42.0025,-5.6783,2.03,77,79,2.68,ES,1675813746
305,meulaboh,4.1363,96.1285,23.77,83,100,1.17,ID,1675813747
306,ginda,30.6945,78.4932,3.84,21,0,3.83,IN,1675813747
307,abu samrah,35.3029,37.1841,3.51,83,58,4.66,SY,1675813195
308,uspenka,48.3903,39.1619,-8.09,77,55,6.87,UA,1675813748
309,umuarama,-23.7664,-53.325,23.14,64,19,1.96,BR,1675813748
310,husavik,66.0449,-17.3389,-4.55,66,59,4.83,IS,1675813749
311,along,28.1667,94.7667,12.15,93,100,1.23,IN,1675813749
312,soyo,-6.1349,12.3689,26.4,82,72,3.64,AO,1675813316
313,kabo,7.6994,18.629,24.42,14,4,2.17,CF,1675813750
314,el prat de llobregat,41.3278,2.0947,11.25,83,75,11.83,ES,1675813750
315,bonthe,7.5264,-12.505,24.27,76,100,1.84,SL,1675813249
316,hambantota,6.1241,81.1185,23.91,86,91,5.06,LK,1675813171
317,lompoc,34.6391,-120.4579,21.5,63,40,3.6,US,1675813751
318,caravelas,-17.7125,-39.2481,25.47,82,2,3.84,BR,1675813667
319,khor,47.8861,134.9464,-23.19,90,18,3.69,RU,1675813752
320,ust-barguzin,53.45,108.9833,-20.14,99,90,1.84,RU,1675813752
321,arauco,-37.2463,-73.3175,18.35,60,0,5.47,CL,1675813625
322,mongo,12.1844,18.693,22.78,18,11,3.13,TD,1675813753
323,piranhas,-16.4269,-51.8222,23.29,84,23,2.59,BR,1675813346
324,staroaleyskoye,51.0061,82.0,-12.74,97,100,0.54,RU,1675813754
325,vyartsilya,62.1764,30.693,-0.91,97,100,3.35,RU,1675813755
326,santa lucia,27.9117,-15.5407,11.62,67,75,3.6,ES,1675813720
327,santa cruz,-17.8,-63.1667,28.03,74,75,4.12,BO,1675813755
328,rawson,-43.3002,-65.1023,19.05,57,22,5.67,AR,1675813583
329,ankazoabo,-22.2833,44.5167,20.68,93,100,1.94,MG,1675813756
330,luis correia,-2.8792,-41.6669,24.8,89,100,3.65,BR,1675813757
331,sidney,-33.8679,151.2073,27.53,65,75,4.12,AU,1675813755
332,marshall,34.3834,-86.3333,19.03,48,75,0.0,US,1675813758
333,paamiut,61.994,-49.6678,-18.5,86,99,4.93,GL,1675813758
334,rongcheng,30.634,117.8517,8.26,89,100,3.19,CN,1675813759
335,kirovskiy,45.0917,133.5136,-15.7,94,82,0.68,RU,1675813760
336,gallup,35.5281,-108.7426,4.91,50,0,2.57,US,1675813760
337,mlonggo,-6.5333,110.7,24.6,92,100,3.0,ID,1675813761
338,assiros,40.8167,23.0333,1.03,45,2,1.54,GR,1675813762
339,saint-philippe,-21.3585,55.7679,24.77,83,85,6.27,RE,1675813763
340,wiarton,44.7407,-81.1332,3.25,81,100,5.14,CA,1675813763
341,nanlong,31.3533,106.0631,10.45,94,100,1.63,CN,1675813764
342,stepnyak,52.8339,70.7803,-13.77,96,100,1.76,KZ,1675813765
343,port lincoln,-34.7333,135.8667,21.82,65,3,5.13,AU,1675813547
344,lodja,-3.4833,23.4333,22.81,79,100,1.79,CD,1675813766
345,ziebice,50.6012,17.0406,-2.58,73,94,1.84,PL,1675813766
346,kieta,-6.2167,155.6333,28.49,76,78,3.46,PG,1675813767
347,alyangula,-13.8483,136.4192,29.61,67,100,1.73,AU,1675813250
348,shilong,23.1123,113.8425,20.14,79,94,2.38,CN,1675813767
349,talcahuano,-36.7167,-73.1167,21.82,46,0,5.66,CL,1675813768
350,mayor pablo lagerenza,-19.9309,-60.7718,24.78,77,84,1.8,PY,1675813768
351,at-bashi,41.1702,75.8106,-16.68,54,32,2.37,KG,1675813769
352,kuching,1.55,110.3333,27.23,91,20,0.0,MY,1675813717
353,aquiraz,-3.9014,-38.3911,27.88,76,100,5.1,BR,1675813770
354,jardim,-21.4803,-56.1381,21.8,97,82,1.82,BR,1675813770
355,okhotsk,59.3833,143.3,-25.65,84,95,4.67,RU,1675813771
356,yuyao,30.05,121.1494,7.87,84,100,2.01,CN,1675813771
357,khash,28.2211,61.2158,11.66,51,9,3.21,IR,1675813199
358,shunyi,40.125,116.6453,-10.03,79,0,2.0,CN,1675813772
359,jalu,29.0331,21.5482,10.48,56,100,3.27,LY,1675813335
360,inyonga,-6.7167,32.0667,17.4,93,96,2.09,TZ,1675813287
361,vadinsk,53.6916,43.0574,-17.95,99,50,2.33,RU,1675813773
362,kafanchan,9.5833,8.3,23.32,19,67,3.93,NG,1675813773
363,kavaratti,10.5669,72.642,26.5,72,97,5.1,IN,1675813552
364,keuruu,62.2667,24.7,0.1,99,100,1.99,FI,1675813774
365,salalah,17.0151,54.0924,21.05,46,0,2.06,OM,1675813774
366,ataco,3.5915,-75.3818,27.22,56,40,1.48,CO,1675813775
367,comodoro rivadavia,-45.8667,-67.5,23.92,27,0,4.63,AR,1675813776
368,caceres,39.522,-6.3748,6.48,86,92,4.14,ES,1675813776
369,mala,-12.6581,-76.6308,23.82,84,17,2.49,PE,1675813777
370,emba,48.8264,58.1442,-14.01,90,96,6.48,KZ,1675813777
371,beringovskiy,63.05,179.3167,-27.67,94,81,3.45,RU,1675813532
372,parabel,58.6978,81.4825,-18.03,98,96,2.34,RU,1675813779
373,ust-nera,64.5667,143.2,-40.33,99,94,0.21,RU,1675813779
374,itupiranga,-5.1347,-49.3267,25.18,96,98,1.9,BR,1675813780
375,kloulklubed,7.0419,134.2556,26.28,75,100,7.96,PW,1675813255
376,sao pedro do sul,-29.6206,-54.1789,24.36,32,0,3.4,BR,1675813300
377,kalpi,26.1167,79.7333,12.7,65,0,3.26,IN,1675813782
378,kjopsvik,68.097,16.3742,1.93,91,100,5.97,NO,1675813783
379,pisco,-13.7,-76.2167,25.03,73,0,8.75,PE,1675813605
380,xuddur,4.1213,43.8894,21.12,76,8,6.62,SO,1675813784
381,umm kaddadah,13.6017,26.6876,15.57,28,19,7.99,SD,1675813785
382,aklavik,68.2191,-135.0107,-29.0,76,75,2.06,CA,1675813785
383,aksarka,66.5606,67.7975,-16.14,90,100,7.71,RU,1675813785
384,mokhsogollokh,61.4681,128.9203,-41.11,100,100,0.92,RU,1675813786
385,viedma,-40.8135,-62.9967,20.44,74,18,4.63,AR,1675813739
386,porto recanati,43.4365,13.6613,3.18,47,23,2.3,IT,1675813786
387,tomakivka,47.8157,34.7414,-6.12,74,96,8.25,UA,1675813787
388,minbu,20.1833,94.8833,16.5,63,1,0.57,MM,1675813787
389,kochi,9.9399,76.2602,22.23,85,31,2.32,IN,1675813742
390,hohhot,40.8106,111.6522,-13.84,85,0,2.0,CN,1675813788
391,camana,-16.6228,-72.7111,24.04,84,65,3.2,PE,1675813788
392,torbay,47.6666,-52.7314,-4.12,84,75,11.32,CA,1675813788
393,san patricio,28.017,-97.5169,24.92,74,99,8.45,US,1675813789
394,tual,-5.6667,132.75,27.31,79,100,9.96,ID,1675813789
395,charters towers,-20.1,146.2667,28.21,64,77,4.74,AU,1675813334
396,santa maria,-29.6842,-53.8069,24.61,53,20,0.51,BR,1675813790
397,abbeville,50.1,1.8333,-3.02,68,71,1.75,FR,1675813790
398,oistins,13.0667,-59.5333,26.05,73,40,6.69,BB,1675813791
399,hauterive,46.0901,3.4459,-1.58,77,1,0.68,FR,1675813791
400,terenos,-20.4422,-54.8603,25.84,83,20,1.03,BR,1675813792
401,lhokseumawe,5.1801,97.1507,24.47,84,100,1.27,ID,1675813792
402,puerto baquerizo moreno,-0.9,-89.6,25.7,78,15,2.62,EC,1675813792
403,epe,6.5841,3.9834,25.42,87,100,1.93,NG,1675813793
404,altamira,-3.2033,-52.2064,23.2,96,98,1.2,BR,1675813793
405,zaqatala,41.6336,46.6433,2.26,93,100,1.03,AZ,1675813793
406,yenagoa,4.9247,6.2642,25.8,85,18,1.38,NG,1675813794
407,leningradskiy,69.3833,178.4167,-31.43,96,100,2.43,RU,1675813794
408,sumbawanga,-7.9667,31.6167,14.47,90,100,0.84,TZ,1675813795
409,butterworth,5.3991,100.3638,25.02,94,20,2.57,MY,1675813601
410,haines junction,60.7522,-137.5108,-2.03,80,67,1.03,CA,1675813795
411,drumheller,51.4617,-112.7101,4.63,65,100,2.06,CA,1675813795
412,spassk,52.747,87.7545,-7.48,97,100,0.69,RU,1675813796
413,bereda,43.2686,-7.5406,3.56,82,87,2.67,ES,1675813796
414,camp verde,34.5636,-111.8543,14.58,30,0,5.74,US,1675813796
415,tubuala,9.5167,-79.0333,25.93,84,96,8.07,PA,1675813375
416,taoudenni,22.6783,-3.9836,18.65,20,91,4.87,ML,1675813797
417,cairns,-16.9167,145.7667,32.28,73,95,5.66,AU,1675813797
418,north branch,45.5113,-92.9802,2.06,95,17,2.0,US,1675813563
419,souillac,-20.5167,57.5167,26.21,83,75,7.2,MU,1675813765
420,axim,4.8699,-2.2405,25.7,88,15,1.46,GH,1675813798
421,rio rancho,35.2334,-106.6645,5.08,69,100,2.57,US,1675813561
422,oudtshoorn,-33.5907,22.2014,18.2,83,100,2.78,ZA,1675813798
423,rio gallegos,-51.6226,-69.2181,17.03,55,75,9.26,AR,1675813661
424,minna,9.6139,6.5569,29.84,13,0,6.69,NG,1675813799
425,cutervo,-6.379,-78.8157,12.03,86,57,0.84,PE,1675813799
426,seydi,39.4816,62.9137,8.99,41,97,5.15,TM,1675813800
427,rosario,-32.9468,-60.6393,33.3,33,0,2.57,AR,1675813766
428,mahibadhoo,3.7833,72.9667,26.86,71,57,3.09,MV,1675813800
429,poya,-21.35,165.15,28.68,75,100,1.33,NC,1675813801
430,tautira,-17.7333,-149.15,26.66,64,0,2.58,PF,1675813267
431,takoradi,4.8845,-1.7554,25.88,88,13,1.83,GH,1675813801
432,medicine hat,50.0501,-110.6683,5.24,68,100,3.09,CA,1675813640
433,rexburg,43.826,-111.7897,-3.65,81,100,2.57,US,1675813802
434,bennington,42.8781,-73.1968,3.25,49,100,5.14,US,1675813802
435,sur,22.5667,59.5289,22.49,57,33,3.97,OM,1675813803
436,linxia,35.6003,103.2064,-2.3,96,100,1.92,CN,1675813804
437,burnie,-41.0667,145.9167,18.86,65,100,4.48,AU,1675813805
438,bundaberg,-24.85,152.35,29.56,60,51,1.79,AU,1675813806
439,kamiichi,36.7,137.3667,6.55,85,99,1.77,JP,1675813810
440,san jose de guanipa,8.8872,-64.1651,27.58,57,90,6.28,VE,1675813813
441,bathsheba,13.2167,-59.5167,26.34,73,40,6.69,BB,1675813668
442,tilichiki,60.4667,166.1,-30.25,91,37,4.38,RU,1675813814
443,mizdah,31.4451,12.9801,8.06,70,98,8.59,LY,1675813825
444,jumla,29.2747,82.1838,0.77,63,3,1.69,NP,1675813826
445,amahai,-3.3333,128.9167,26.96,77,100,1.37,ID,1675813653
446,bambous virieux,-20.3428,57.7575,26.14,83,75,7.2,MU,1675813834
447,akyab,20.15,92.9,17.72,65,0,2.56,MM,1675813845
448,esso,55.9333,158.7,-13.7,92,100,0.95,RU,1675813845
449,beira,-19.8436,34.8389,28.05,83,20,2.24,MZ,1675813845
450,catamarca,-28.4696,-65.7852,25.78,38,34,4.52,AR,1675813848
451,hare bay,48.8499,-54.0148,-9.22,80,99,3.81,CA,1675813849
452,ambilobe,-13.2,49.05,22.71,96,99,0.71,MG,1675813850
453,sialkot,32.5101,74.5431,9.9,85,40,1.34,PK,1675813850
454,tambopata,-12.7333,-69.1833,31.94,58,0,1.03,PE,1675813291
455,erzincan,39.75,39.5,-4.39,63,75,7.2,TR,1675813850
456,grand gaube,-20.0064,57.6608,26.22,81,45,0.89,MU,1675813851
457,jilib,0.4883,42.7854,23.06,91,39,2.97,SO,1675813851
458,boda,4.3189,17.4695,23.49,18,8,1.03,CF,1675813852
459,mehamn,71.0357,27.8492,0.97,86,40,12.86,NO,1675813852
460,gbadolite,4.2833,21.0167,23.76,27,19,0.57,CD,1675813852
461,komsomolskoye,55.2567,47.5461,-20.99,100,100,2.11,RU,1675813853
462,roma,43.2128,-75.4557,6.01,84,100,5.14,US,1675813853
463,gaozhou,21.9392,110.8461,20.91,84,100,2.59,CN,1675813853
464,batouri,4.4333,14.3667,22.48,23,35,1.0,CM,1675813854
465,katete,-0.7818,29.7544,19.75,50,88,1.49,UG,1675813854
466,hue,16.4667,107.6,23.06,94,75,0.51,VN,1675813855
467,nelson bay,-32.7167,152.15,26.73,68,38,5.36,AU,1675813855
468,calama,-22.4667,-68.9333,23.27,35,75,9.26,CL,1675813856
469,quatre cocos,-20.2078,57.7625,26.06,81,38,6.38,MU,1675813856
470,fort nelson,58.8053,-122.7002,-2.23,54,20,1.03,CA,1675813308
471,pogar,52.554,33.2591,-12.07,97,26,2.02,RU,1675813857
472,half moon bay,37.4636,-122.4286,17.71,62,0,5.66,US,1675813858
473,ornskoldsvik,63.2909,18.7153,-1.47,93,100,1.54,SE,1675813858
474,stromness,58.965,-3.296,3.98,69,36,12.4,GB,1675813858
475,constitucion,-35.3333,-72.4167,15.89,74,8,4.38,CL,1675813851
476,kralendijk,12.15,-68.2667,25.99,73,40,6.17,BQ,1675813859
477,whitehorse,60.7161,-135.0538,-2.57,63,40,6.69,CA,1675813311
478,beachwood,41.4645,-81.5087,12.63,71,75,5.14,US,1675813859
479,yangjiang,21.85,111.9667,20.32,89,100,3.83,CN,1675813728
480,eureka,40.8021,-124.1637,15.67,73,46,2.23,US,1675813246
481,kouango,4.9934,19.9619,25.98,20,11,1.37,CF,1675813860
482,vila franca do campo,37.7167,-25.4333,13.23,83,86,4.91,PT,1675813861
483,ridgecrest,35.6225,-117.6709,16.49,20,20,2.57,US,1675813861
484,ushtobe,45.2514,77.9838,-5.34,93,28,3.16,KZ,1675813861
485,paso de los toros,-32.8167,-56.5167,28.19,30,0,3.77,UY,1675813862
486,petropavlovsk-kamchatskiy,53.0452,158.6483,-14.67,61,20,3.0,RU,1675813345
487,ponta delgada,37.7333,-25.6667,13.4,82,40,6.69,PT,1675813863
488,yumen,40.2833,97.2,-3.87,60,87,5.49,CN,1675813864
489,hegang,47.4,130.3667,-19.03,91,17,0.84,CN,1675813865
490,bukoba,-1.3317,31.8122,20.21,73,94,1.33,TZ,1675813865
491,santhia,45.3663,8.1726,0.97,74,1,1.53,IT,1675813866
492,eydhafushi,5.1033,73.0708,26.92,70,23,3.06,MV,1675813866
493,daru,-9.0763,143.2092,27.57,76,99,6.01,PG,1675813869
494,carutapera,-1.195,-46.02,24.45,91,99,2.53,BR,1675813871
495,suba,10.8438,121.0102,26.65,79,79,6.52,PH,1675813872
496,puerto ayacucho,5.6639,-67.6236,28.21,60,89,1.25,VE,1675813761
497,coihaique,-45.5752,-72.0662,19.97,52,75,3.6,CL,1675813872
498,deputatskiy,69.3,139.9,-43.61,99,57,1.89,RU,1675813321
499,teguise,29.0605,-13.564,13.12,67,20,0.51,ES,1675813876
500,annau,37.8876,58.516,10.72,46,20,6.17,TM,1675813877
501,arkadak,51.9326,43.4978,-15.11,95,8,3.3,RU,1675813881
502,fauske,67.2588,15.3918,6.02,81,97,4.84,NO,1675813883
503,maningrida,-12.0667,134.2667,29.32,68,90,3.94,AU,1675813883
504,kungurtug,50.5994,97.5228,-26.07,99,29,0.77,RU,1675813884
505,isla mujeres,21.2311,-86.731,26.76,82,0,7.31,MX,1675813884
506,kandrian,-6.2167,149.55,27.29,84,100,7.18,PG,1675813885
507,cradock,-32.1642,25.6192,17.78,84,100,2.24,ZA,1675813885
508,deep river,46.1001,-77.4995,2.4,99,100,5.7,CA,1675813886
509,san cristobal,7.7669,-72.225,23.1,71,23,0.6,VE,1675813670
510,iquitos,-3.7481,-73.2472,28.02,78,40,2.06,PE,1675813886
511,hameenlinna,60.996,24.4643,0.64,98,100,2.45,FI,1675813887
512,tura,25.5198,90.2201,14.52,52,25,1.7,IN,1675813888
513,tondano,1.3038,124.9112,19.05,96,100,0.63,ID,1675813889
514,yuanping,38.7153,112.7575,-2.37,52,58,1.7,CN,1675813891
515,luanda,-8.8368,13.2343,26.0,83,75,3.09,AO,1675813892
516,talnakh,69.4865,88.3972,-22.22,98,99,2.76,RU,1675813895
517,eenhana,-17.4667,16.3333,20.27,47,100,1.88,NA,1675813904
518,turiacu,-1.6633,-45.3717,23.63,95,99,1.62,BR,1675813906
519,kashan,33.9831,51.4364,5.77,65,0,0.0,IR,1675813907
520,edgewater,28.9889,-80.9023,21.08,68,0,4.12,US,1675813907
521,grajau,-5.8194,-46.1386,23.01,96,99,1.14,BR,1675813729
522,gornozavodsk,58.3758,58.3211,-25.4,100,100,0.48,RU,1675813908
523,tomari,47.7658,142.0683,-9.41,86,91,0.88,RU,1675813908
524,isiro,2.7739,27.616,20.51,39,82,0.32,CD,1675813908
525,moscow,55.7522,37.6156,-6.25,97,68,2.26,RU,1675813560
526,victoria,22.2855,114.1577,18.03,88,91,5.81,HK,1675813672
527,vostok,46.4856,135.8833,-16.14,91,100,2.39,RU,1675813909
528,sao filipe,14.8961,-24.4956,20.33,65,4,4.45,CV,1675813788
529,tel aviv-yafo,32.0805,34.7805,12.1,62,40,7.2,IL,1675813713
530,kushima,31.4583,131.2333,10.35,86,99,2.22,JP,1675813699
531,kahului,20.8947,-156.47,26.09,76,40,9.77,US,1675813910
532,naryan-mar,67.6713,53.087,-2.75,95,100,10.42,RU,1675813910
533,mannarakkat,10.9833,76.4667,20.97,61,15,1.59,IN,1675813911
534,penzance,50.1186,-5.5371,3.38,73,0,4.29,GB,1675813911
535,requena,39.4883,-1.1004,1.96,80,99,1.93,ES,1675813911
536,victor harbor,-35.5667,138.6167,27.04,77,0,4.26,AU,1675813912
537,druzhinino,56.7895,59.5143,-24.37,100,100,1.62,RU,1675813912
538,aden,12.7794,45.0367,24.32,70,18,4.39,YE,1675813912
539,garowe,8.4054,48.4845,18.45,90,28,3.28,SO,1675813913
540,sola,-13.8833,167.55,27.91,76,100,6.62,VU,1675813913
541,san jose,37.3394,-121.895,17.68,48,75,3.6,US,1675813716
542,cheney,47.4874,-117.5758,4.19,89,100,9.77,US,1675813775
543,zhaotong,27.3167,103.7167,3.09,84,82,1.6,CN,1675813914
544,buala,-8.145,159.5921,27.41,87,97,4.18,SB,1675813914
545,valparaiso,-33.0393,-71.6273,20.13,77,0,4.12,CL,1675813638
546,horki,54.2861,30.9842,-15.51,99,64,1.27,BY,1675813915
547,vuktyl,63.8567,57.3094,-12.36,93,100,6.01,RU,1675813915
548,dwarka,22.2394,68.9678,20.84,66,24,4.07,IN,1675813915
549,niquelandia,-14.4739,-48.4597,23.81,74,86,1.17,BR,1675813916
550,hovd,48.0056,91.6419,-18.23,78,37,0.63,MN,1675813916
551,champerico,14.3,-91.9167,33.3,66,28,4.32,GT,1675813916
552,dayong,25.0209,118.2898,15.2,86,76,1.08,CN,1675813917
553,odienne,9.51,-7.5692,29.7,25,100,1.06,CI,1675813917
554,poum,-20.2333,164.0167,26.85,82,97,4.29,NC,1675813917
555,bismarck,46.8083,-100.7837,3.91,65,0,4.12,US,1675813728
556,harrison,30.4091,-89.0436,21.03,92,75,5.14,US,1675813918
557,zhigansk,66.7697,123.3711,-46.0,99,97,2.66,RU,1675813918
558,dakoro,14.5106,6.765,20.32,12,92,4.86,NE,1675813919
559,port macquarie,-31.4333,152.9167,24.38,63,92,2.35,AU,1675813896
560,ombessa,4.603,11.2565,21.49,89,48,0.54,CM,1675813919
561,nhulunbuy,-12.2333,136.7667,29.34,79,75,2.57,AU,1675813919
562,lethem,3.3803,-59.7968,26.8,70,72,5.25,GY,1675813920
563,itoman,26.1247,127.6694,20.01,82,75,5.66,JP,1675813920
564,tambacounda,13.7539,-13.7586,26.45,16,23,3.24,SN,1675813921
565,huangpi,30.8845,114.3779,9.06,87,100,2.0,CN,1675813921
566,miyako,39.6367,141.9525,1.33,83,100,3.92,JP,1675813922
567,vangaindrano,-23.35,47.6,22.34,89,95,1.07,MG,1675813922
568,bahile,9.9995,118.7878,23.93,85,100,1.07,PH,1675813923
569,kargil,34.5667,76.1,-28.75,80,51,1.23,IN,1675813923
570,cocal,-28.6167,-49.35,21.76,90,38,0.9,BR,1675813924
571,youkounkoun,12.5333,-13.1333,26.0,18,7,1.78,GN,1675813926
572,tibati,6.4667,12.6333,20.32,20,28,1.78,CM,1675813927
573,isangel,-19.55,169.2667,29.06,89,100,1.03,VU,1675813928
574,bandarbeyla,9.4942,50.8122,24.26,78,57,6.48,SO,1675813928
575,magdagachi,53.45,125.8,-33.87,98,24,1.21,RU,1675813929
576,yulara,-25.2406,130.9889,32.1,23,0,3.35,AU,1675813929
577,denpasar,-8.65,115.2167,26.81,83,40,3.09,ID,1675813931
578,flin flon,54.7682,-101.865,-4.09,74,20,3.6,CA,1675813933
579,maridi,4.9158,29.4742,22.78,19,11,2.34,SS,1675813933
580,polyarnyy,69.1989,33.4478,-0.87,82,25,11.24,RU,1675813934
581,ust-maya,60.4167,134.5333,-35.8,98,100,0.42,RU,1675813934
